indicator_id,country_iso3,date,value,prev,yoy
SP.POP.TOTL,CHE,2022,8777088.0,,
SP.POP.TOTL,CHE,2023,8888822.0,8777088.0,0.012730190240772338
SP.POP.TOTL,COG,2022,6035104.0,,
SP.POP.TOTL,COG,2023,6182885.0,6035104.0,0.02448690196556679
SP.POP.TOTL,GRD,2022,116913.0,,
SP.POP.TOTL,GRD,2023,117081.0,116913.0,0.0014369659490390291
SP.POP.TOTL,KGZ,2022,6975220.0,,
SP.POP.TOTL,KGZ,2023,7099750.0,6975220.0,0.017853200329165243
SP.POP.TOTL,MEX,2022,128613117.0,,
SP.POP.TOTL,MEX,2023,129739759.0,128613117.0,0.008759930761961084
SP.POP.TOTL,LIE,2023,39846.0,39493.0,0.008938292862026182
SP.POP.TOTL,MAR,2022,37329064.0,,
SP.POP.TOTL,MAR,2023,37712505.0,37329064.0,0.01027191573836408
SP.POP.TOTL,PRE,2022,1050180429.0,,
SP.POP.TOTL,PRE,2023,1077143557.0,1050180429.0,0.025674757646811947
SP.POP.TOTL,RWA,2022,13651030.0,,
SP.POP.TOTL,RWA,2023,13954471.0,13651030.0,0.02222843257981266
SP.POP.TOTL,SAS,2022,1648009565.0,,
SP.POP.TOTL,SAS,2023,1662580579.0,1648009565.0,0.008841583392144936
SP.POP.TOTL,SAU,2022,32175224.0,,
SP.POP.TOTL,SAU,2023,33702731.0,32175224.0,0.04747463452002696
SP.POP.TOTL,SST,2022,19852364.0,,
SP.POP.TOTL,SST,2023,20031262.0,19852364.0,0.009011420503875508
SP.POP.TOTL,SVK,2022,5431752.0,,
SP.POP.TOTL,SVK,2023,5426740.0,5431752.0,-0.0009227225396152108
SP.POP.TOTL,MIC,2022,5882746344.0,,
SP.POP.TOTL,MIC,2023,5927622764.0,5882746344.0,0.00762848121877138
SP.POP.TOTL,SSD,2022,11021177.0,,
SP.POP.TOTL,SSD,2023,11483374.0,11021177.0,0.04193717240908117
SP.POP.TOTL,SYR,2022,22462173.0,,
SP.POP.TOTL,SYR,2023,23594623.0,22462173.0,0.050415870272212754
SP.POP.TOTL,VUT,2022,313046.0,,
SP.POP.TOTL,VUT,2023,320409.0,313046.0,0.023520504973709933
SP.POP.TOTL,YEM,2022,38222876.0,,
SP.POP.TOTL,YEM,2023,39390799.0,38222876.0,0.030555602357080613
SP.POP.TOTL,ITA,2022,59013667.0,,
SP.POP.TOTL,ITA,2023,58984216.0,59013667.0,-0.0004990538886526065
SP.POP.TOTL,MNP,2022,46078.0,,
SP.POP.TOTL,MNP,2023,45143.0,46078.0,-0.02029167932635965
SP.POP.TOTL,MOZ,2022,32656246.0,,
SP.POP.TOTL,MOZ,2023,33635160.0,32656246.0,0.029976317547338416
SP.POP.TOTL,NCL,2022,287123.0,,
SP.POP.TOTL,NCL,2023,289870.0,287123.0,0.009567328287876624
SP.POP.TOTL,NIC,2022,6730654.0,,
SP.POP.TOTL,NIC,2023,6823613.0,6730654.0,0.013811287877819897
SP.POP.TOTL,SLE,2022,8276807.0,,
SP.POP.TOTL,SLE,2023,8460512.0,8276807.0,0.02219515327589492
SP.POP.TOTL,TCD,2022,18455316.0,,
SP.POP.TOTL,TCD,2023,19319064.0,18455316.0,0.04680212465611534
SP.POP.TOTL,VGB,2022,38319.0,,
SP.POP.TOTL,VGB,2023,38985.0,38319.0,0.017380411806153604
SP.POP.TOTL,ZAF,2022,62378410.0,,
SP.POP.TOTL,ZAF,2023,63212384.0,62378410.0,0.013369593742450312
SP.POP.TOTL,PSS,2023,2689224.0,2656049.0,0.012490356917361087
SP.POP.TOTL,SOM,2022,17801897.0,,
SP.POP.TOTL,SOM,2023,18358615.0,17801897.0,0.03127295928068789
SP.POP.TOTL,STP,2022,226305.0,,
SP.POP.TOTL,STP,2023,230871.0,226305.0,0.020176310731092995
SP.POP.TOTL,SVN,2022,2112076.0,,
SP.POP.TOTL,SVN,2023,2120461.0,2112076.0,0.003970027593704014
SP.POP.TOTL,SWZ,2022,1218917.0,,
SP.POP.TOTL,SWZ,2023,1230506.0,1218917.0,0.009507620289158327
SP.POP.TOTL,TLA,2022,637837815.0,,
SP.POP.TOTL,TLA,2023,642397939.0,637837815.0,0.007149347205135525
SP.POP.TOTL,TON,2022,105042.0,,
SP.POP.TOTL,TON,2023,104597.0,105042.0,-0.004236400677824109
SP.POP.TOTL,TZA,2022,64711821.0,,
SP.POP.TOTL,TZA,2023,66617606.0,64711821.0,0.029450337983843788
SP.POP.TOTL,UKR,2022,41048766.0,,
SP.POP.TOTL,UKR,2023,37732836.0,41048766.0,-0.08078026023973535
SP.POP.TOTL,VCT,2022,102046.0,,
SP.POP.TOTL,VCT,2023,101323.0,102046.0,-0.007085040079963938
SP.POP.TOTL,VIR,2022,105413.0,,
SP.POP.TOTL,VIR,2023,104917.0,105413.0,-0.0047053020025993
SP.POP.TOTL,AFE,2022,731821393.0,,
SP.POP.TOTL,AFE,2023,750491370.0,731821393.0,0.025511657869777524
SP.POP.TOTL,ASM,2022,48342.0,,
SP.POP.TOTL,ASM,2023,47521.0,48342.0,-0.016983161639981797
SP.POP.TOTL,CUW,2022,153321.0,,
SP.POP.TOTL,CUW,2023,154654.0,153321.0,0.008694177575152784
SP.POP.TOTL,EST,2022,1348840.0,,
SP.POP.TOTL,EST,2023,1370286.0,1348840.0,0.01589958779395629
SP.POP.TOTL,GMB,2022,2636470.0,,
SP.POP.TOTL,GMB,2023,2697845.0,2636470.0,0.02327923321714262
SP.POP.TOTL,GUM,2022,165180.0,,
SP.POP.TOTL,GUM,2023,166506.0,165180.0,0.00802760624772975
SP.POP.TOTL,IBD,2022,4928196300.0,,
SP.POP.TOTL,IBD,2023,4952209753.0,4928196300.0,0.004872665685009341
SP.POP.TOTL,IRQ,2022,44070551.0,,
SP.POP.TOTL,IRQ,2023,45074049.0,44070551.0,0.02277026216440997
SP.POP.TOTL,JAM,2022,2839144.0,,
SP.POP.TOTL,ARG,2022,45407904.0,,
SP.POP.TOTL,ARG,2023,45538401.0,45407904.0,0.0028738829257567143
SP.POP.TOTL,AUT,2022,9041851.0,,
SP.POP.TOTL,AUT,2023,9131761.0,9041851.0,0.009943760409234791
SP.POP.TOTL,BLR,2022,9228071.0,,
SP.POP.TOTL,BLR,2023,9178298.0,9228071.0,-0.005393651609312499
SP.POP.TOTL,CYP,2022,1331370.0,,
SP.POP.TOTL,CYP,2023,1344976.0,1331370.0,0.010219548284849441
SP.POP.TOTL,EGY,2022,112618250.0,,
SP.POP.TOTL,EGY,2023,114535772.0,112618250.0,0.01702674300124536
SP.POP.TOTL,ETH,2022,125384287.0,,
SP.POP.TOTL,ETH,2023,128691692.0,125384287.0,0.02637814577196583
SP.POP.TOTL,GRL,2022,56661.0,,
SP.POP.TOTL,GRL,2023,56865.0,56661.0,0.0036003600360036
SP.POP.TOTL,IDB,2022,651895919.0,,
SP.POP.TOTL,IDB,2023,664395892.0,651895919.0,0.0191747986690495
SP.POP.TOTL,IDX,2022,1213611049.0,,
SP.POP.TOTL,IDX,2023,1240832942.0,1213611049.0,0.02243049206121722
SP.POP.TOTL,KEN,2023,55339003.0,54252461.0,0.02002751543381599
SP.POP.TOTL,KOR,2022,51672569.0,,
SP.POP.TOTL,KOR,2023,51712619.0,51672569.0,0.0007750727470120559
SP.POP.TOTL,LAO,2022,7559007.0,,
SP.POP.TOTL,LAO,2023,7664993.0,7559007.0,0.014021153836740725
SP.POP.TOTL,LCA,2022,178781.0,,
SP.POP.TOTL,LCA,2023,179285.0,178781.0,0.002819091514198936
SP.POP.TOTL,LMY,2022,6590522389.0,,
SP.POP.TOTL,LMY,2023,6654784822.0,6590522389.0,0.009750734343495757
SP.POP.TOTL,LTE,2022,2323799602.0,,
SP.POP.TOTL,LTE,2023,2326294294.0,2323799602.0,0.001073540075423423
SP.POP.TOTL,MEA,2022,782349366.0,,
SP.POP.TOTL,MEA,2023,797801454.0,782349366.0,0.01975087942999624
SP.POP.TOTL,NPL,2022,29715436.0,,
SP.POP.TOTL,NPL,2023,29694614.0,29715436.0,-0.0007007132589271111
SP.POP.TOTL,SUR,2022,623164.0,,
SP.POP.TOTL,SUR,2023,628886.0,623164.0,0.00918217355302938
SP.POP.TOTL,SYC,2022,119878.0,,
SP.POP.TOTL,SYC,2023,119773.0,119878.0,-0.0008758904886634745
SP.POP.TOTL,TEA,2022,2107261123.0,,
SP.POP.TOTL,TEA,2023,2111139152.0,2107261123.0,0.0018403172524148542
SP.POP.TOTL,CHI,2022,167215.0,,
SP.POP.TOTL,CHI,2023,167691.0,167215.0,0.0028466345722572735
SP.POP.TOTL,EAR,2022,3470644834.0,,
SP.POP.TOTL,EAR,2023,3511607650.0,3470644834.0,0.01180265280927331
SP.POP.TOTL,GIB,2022,37609.0,,
SP.POP.TOTL,GIB,2023,38471.0,37609.0,0.022920045733733945
SP.POP.TOTL,LBN,2022,5744489.0,,
SP.POP.TOTL,LBN,2023,5773493.0,5744489.0,0.005049013062780693
SP.POP.TOTL,MKD,2022,1831712.0,,
SP.POP.TOTL,MKD,2023,1827816.0,1831712.0,-0.00212697192571758
SP.POP.TOTL,MLT,2022,531113.0,,
SP.POP.TOTL,MLT,2023,552747.0,531113.0,0.04073332793586299
SP.POP.TOTL,NZL,2022,5081700.0,,
SP.POP.TOTL,NZL,2023,5200000.0,5081700.0,0.023279611153747763
SP.POP.TOTL,IBT,2023,6857438587.0,6793703268.0,0.009381528230738146
SP.POP.TOTL,IMN,2022,84132.0,,
SP.POP.TOTL,IMN,2023,84165.0,84132.0,0.0003922407645129083
SP.POP.TOTL,LVA,2022,1879383.0,,
SP.POP.TOTL,LVA,2023,1883710.0,1879383.0,0.002302351356801674
SP.POP.TOTL,NER,2022,25311973.0,,
SP.POP.TOTL,NER,2023,26159867.0,25311973.0,0.03349774432834612
SP.POP.TOTL,PRT,2022,10434332.0,,
SP.POP.TOTL,PRT,2023,10578174.0,10434332.0,0.013785453635172812
SP.POP.TOTL,SSF,2022,1228187451.0,,
SP.POP.TOTL,SSF,2023,1258809472.0,1228187451.0,0.02493269327501051
SP.POP.TOTL,WLD,2022,7988550201.0,,
SP.POP.TOTL,WLD,2023,8062923417.0,7988550201.0,0.009309976670196054
SP.POP.TOTL,AGO,2022,35635029.0,,
SP.POP.TOTL,AGO,2023,36749906.0,35635029.0,0.031285985483553276
SP.POP.TOTL,CAN,2022,38950132.0,,
SP.POP.TOTL,CAN,2023,40049088.0,38950132.0,0.02821443583297741
SP.POP.TOTL,COM,2022,834188.0,,
SP.POP.TOTL,COM,2023,850387.0,834188.0,0.019418883992577213
SP.POP.TOTL,GAB,2022,2430747.0,,
SP.POP.TOTL,GAB,2023,2484789.0,2430747.0,0.02223267168487712
SP.POP.TOTL,GNB,2022,2105529.0,,
SP.POP.TOTL,GNB,2023,2153339.0,2105529.0,0.022706882688388524
SP.POP.TOTL,MMR,2023,54133798.0,53756787.0,0.007013272575237802
SP.POP.TOTL,MNE,2022,623591.0,,
SP.POP.TOTL,MNE,2023,623529.0,623591.0,-9.942414178524064e-05
SP.POP.TOTL,NOR,2022,5457127.0,,
SP.POP.TOTL,NOR,2023,5519601.0,5457127.0,0.01144814844880832
SP.POP.TOTL,OSS,2022,12699005.0,,
SP.POP.TOTL,OSS,2023,12822134.0,12699005.0,0.009695956494229272
SP.POP.TOTL,PLW,2022,17759.0,,
SP.POP.TOTL,PLW,2023,17727.0,17759.0,-0.0018019032603187116
SP.POP.TOTL,PNG,2022,10203169.0,,
SP.POP.TOTL,PNG,2023,10389635.0,10203169.0,0.018275302506505577
SP.POP.TOTL,SDN,2022,49383346.0,,
SP.POP.TOTL,SDN,2023,50042791.0,49383346.0,0.013353590904917622
SP.POP.TOTL,SSA,2022,1228067573.0,,
SP.POP.TOTL,SSA,2023,1258689699.0,1228067573.0,0.024935212583778565
SP.POP.TOTL,TEC,2022,460942269.0,,
SP.POP.TOTL,TEC,2023,458599775.0,460942269.0,-0.005081968301761451
SP.POP.TOTL,UGA,2022,47312719.0,,
SP.POP.TOTL,UGA,2023,48656601.0,47312719.0,0.02840424368762235
SP.POP.TOTL,LBY,2023,7305659.0,7223805.0,0.011331147504673783
SP.POP.TOTL,LTU,2022,2831639.0,,
SP.POP.TOTL,LTU,2023,2871585.0,2831639.0,0.014107024235787118
SP.POP.TOTL,MAC,2022,677300.0,,
SP.POP.TOTL,MAC,2023,678800.0,677300.0,0.0022146759190905065
SP.POP.TOTL,MUS,2022,1262523.0,,
SP.POP.TOTL,MUS,2023,1248647.0,1262523.0,-0.010990690862661513
SP.POP.TOTL,NGA,2022,223150896.0,,
SP.POP.TOTL,NGA,2023,227882945.0,223150896.0,0.021205601612283017
SP.POP.TOTL,PSE,2022,5043612.0,,
SP.POP.TOTL,PSE,2023,5165775.0,5043612.0,0.024221331855027707
SP.POP.TOTL,RUS,2022,144236933.0,,
SP.POP.TOTL,RUS,2023,143826130.0,144236933.0,-0.0028481124179200344
SP.POP.TOTL,SGP,2022,5637022.0,,
SP.POP.TOTL,SGP,2023,5917648.0,5637022.0,0.049782668934057736
SP.POP.TOTL,TGO,2022,8068616.0,,
SP.POP.TOTL,TGO,2023,8223850.0,8068616.0,0.01923923508071273
SP.POP.TOTL,XKX,2022,1768096.0,,
SP.POP.TOTL,XKX,2023,1682668.0,1768096.0,-0.04831638101098583
SP.POP.TOTL,BGR,2022,6465097.0,,
SP.POP.TOTL,BGR,2023,6446596.0,6465097.0,-0.002861674001178946
SP.POP.TOTL,CHL,2022,19553036.0,,
SP.POP.TOTL,CHL,2023,19658835.0,19553036.0,0.005410873278195775
SP.POP.TOTL,COL,2022,51737944.0,,
SP.POP.TOTL,COL,2023,52321152.0,51737944.0,0.011272345882163389
SP.POP.TOTL,ECA,2022,250514347.0,,
SP.POP.TOTL,ECA,2023,248718948.0,250514347.0,-0.007166851006740943
SP.POP.TOTL,IDN,2022,278830529.0,,
SP.POP.TOTL,IDN,2023,281190067.0,278830529.0,0.008462265622284137
SP.POP.TOTL,KIR,2022,130469.0,,
SP.POP.TOTL,KIR,2023,132530.0,130469.0,0.01579685595812032
SP.POP.TOTL,LCN,2022,653108131.0,,
SP.POP.TOTL,LCN,2023,657616519.0,653108131.0,0.006902973314843021
SP.POP.TOTL,LDC,2022,1133564482.0,,
SP.POP.TOTL,LDC,2023,1159744187.0,1133564482.0,0.023095029365960675
SP.POP.TOTL,MDA,2022,2528654.0,,
SP.POP.TOTL,MDA,2023,2457783.0,2528654.0,-0.02802716385871693
SP.POP.TOTL,GTM,2022,17847877.0,,
SP.POP.TOTL,GTM,2023,18124838.0,17847877.0,0.015517868035509209
SP.POP.TOTL,IDA,2022,1865506968.0,,
SP.POP.TOTL,IDA,2023,1905228834.0,1865506968.0,0.021292799588192156
SP.POP.TOTL,KHM,2022,17201724.0,,
SP.POP.TOTL,KHM,2023,17423880.0,17201724.0,0.012914752032993903
SP.POP.TOTL,OED,2022,1378591781.0,,
SP.POP.TOTL,OED,2023,1387846131.0,1378591781.0,0.0067129008946267615
SP.POP.TOTL,PER,2022,33475438.0,,
SP.POP.TOTL,PER,2023,33845617.0,33475438.0,0.011058227229170235
SP.POP.TOTL,SRB,2022,6664449.0,,
SP.POP.TOTL,SRB,2023,6623183.0,6664449.0,-0.006191959755412638
SP.POP.TOTL,TUR,2022,84979913.0,,
SP.POP.TOTL,TUR,2023,85325965.0,84979913.0,0.004072162323818807
SP.POP.TOTL,VNM,2022,99680655.0,,
SP.POP.TOTL,VNM,2023,100352192.0,99680655.0,0.006736883901896511
SP.POP.TOTL,AFG,2022,40578842.0,,
SP.POP.TOTL,AFG,2023,41454761.0,40578842.0,0.02158560857897325
SP.POP.TOTL,ARM,2022,2969200.0,,
SP.POP.TOTL,ARM,2023,2964300.0,2969200.0,-0.0016502761686649603
SP.POP.TOTL,BOL,2022,12077154.0,,
SP.POP.TOTL,BOL,2023,12244159.0,12077154.0,0.013828175081645891
SP.POP.TOTL,EAP,2022,2133560408.0,,
SP.POP.TOTL,EAP,2023,2137527754.0,2133560408.0,0.0018594955104734958
SP.POP.TOTL,HKG,2022,7346100.0,,
SP.POP.TOTL,HKG,2023,7536100.0,7346100.0,0.02586406392507589
SP.POP.TOTL,HRV,2022,3855641.0,,
SP.POP.TOTL,HRV,2023,3859686.0,3855641.0,0.001049112196908374
SP.POP.TOTL,MDG,2022,30437261.0,,
SP.POP.TOTL,MDG,2023,31195932.0,30437261.0,0.024925731655026383
SP.POP.TOTL,MRT,2022,4875637.0,,
SP.POP.TOTL,MRT,2023,5022441.0,4875637.0,0.03010970669063345
SP.POP.TOTL,NAM,2022,2889662.0,,
SP.POP.TOTL,NAM,2023,2963095.0,2889662.0,0.025412314658254147
SP.POP.TOTL,PRK,2022,26328845.0,,
SP.POP.TOTL,PRK,2023,26418204.0,26328845.0,0.0033939582233857963
SP.POP.TOTL,PSS,2022,2656049.0,,
SP.POP.TOTL,MAF,2022,28870.0,,
SP.POP.TOTL,MAF,2023,27515.0,28870.0,-0.04693453411846207
SP.POP.TOTL,PRI,2022,3220148.0,,
SP.POP.TOTL,PRI,2023,3203794.0,3220148.0,-0.005078648559010331
SP.POP.TOTL,PRY,2022,6760464.0,,
SP.POP.TOTL,PRY,2023,6844146.0,6760464.0,0.012378144458723542
SP.POP.TOTL,SMR,2022,33755.0,,
SP.POP.TOTL,SMR,2023,33860.0,33755.0,0.0031106502740334764
SP.POP.TOTL,TJK,2022,10182222.0,,
SP.POP.TOTL,TJK,2023,10389799.0,10182222.0,0.02038621825373676
SP.POP.TOTL,OMN,2022,4730226.0,,
SP.POP.TOTL,OMN,2023,5049269.0,4730226.0,0.06744772871317353
SP.POP.TOTL,PAK,2022,243700667.0,,
SP.POP.TOTL,PAK,2023,247504495.0,243700667.0,0.015608607259166837
SP.POP.TOTL,PST,2022,1117420833.0,,
SP.POP.TOTL,PST,2023,1121263972.0,1117420833.0,0.00343929420904219
SP.POP.TOTL,TCA,2022,45847.0,,
SP.POP.TOTL,TCA,2023,46198.0,45847.0,0.0076558989683076315
SP.POP.TOTL,URY,2022,3390913.0,,
SP.POP.TOTL,URY,2023,3388081.0,3390913.0,-0.0008351732999342655
SP.POP.TOTL,VEN,2022,28213017.0,,
SP.POP.TOTL,VEN,2023,28300854.0,28213017.0,0.0031133501248732103
SP.POP.TOTL,ZWE,2022,16069056.0,,
SP.POP.TOTL,ZWE,2023,16340822.0,16069056.0,0.01691238116290092
SP.POP.TOTL,ARB,2022,471352066.0,,
SP.POP.TOTL,ARB,2023,482105978.0,471352066.0,0.022815031004870995
SP.POP.TOTL,ATG,2022,92840.0,,
SP.POP.TOTL,ATG,2023,93316.0,92840.0,0.005127100387763895
SP.POP.TOTL,BEL,2022,11680210.0,,
SP.POP.TOTL,BEL,2023,11779946.0,11680210.0,0.00853888757137072
SP.POP.TOTL,BHS,2022,397538.0,,
SP.POP.TOTL,BHS,2023,399440.0,397538.0,0.004784448279158218
SP.POP.TOTL,CAF,2022,5098039.0,,
SP.POP.TOTL,CAF,2023,5152421.0,5098039.0,0.010667238912844722
SP.POP.TOTL,CYM,2022,71591.0,,
SP.POP.TOTL,CYM,2023,73038.0,71591.0,0.020212037825983714
SP.POP.TOTL,ECS,2022,924267385.0,,
SP.POP.TOTL,ECS,2023,924805070.0,924267385.0,0.0005817418300441273
SP.POP.TOTL,ECU,2022,17823897.0,,
SP.POP.TOTL,ECU,2023,17980083.0,17823897.0,0.008762730170624303
SP.POP.TOTL,BIH,2022,3204802.0,,
SP.POP.TOTL,BIH,2023,3185073.0,3204802.0,-0.0061560745406424484
SP.POP.TOTL,CEB,2022,100071871.0,,
SP.POP.TOTL,CEB,2023,100183707.0,100071871.0,0.0011175568007517317
SP.POP.TOTL,COD,2022,102396968.0,,
SP.POP.TOTL,COD,2023,105789731.0,102396968.0,0.033133432232095
SP.POP.TOTL,CRI,2022,5081765.0,,
SP.POP.TOTL,CRI,2023,5105525.0,5081765.0,0.0046755408799895315
SP.POP.TOTL,FRO,2022,53903.0,,
SP.POP.TOTL,FRO,2023,54398.0,53903.0,0.009183162347179192
SP.POP.TOTL,GEO,2022,3712502.0,,
SP.POP.TOTL,GEO,2023,3715483.0,3712502.0,0.000802962530390556
SP.POP.TOTL,IRL,2022,5212836.0,,
SP.POP.TOTL,IRL,2023,5311538.0,5212836.0,0.018934414971044554
SP.POP.TOTL,LUX,2022,653103.0,,
SP.POP.TOTL,ABW,2022,107310.0,,
SP.POP.TOTL,ABW,2023,107359.0,107310.0,0.00045662100456621003
SP.POP.TOTL,AFW,2022,496366058.0,,
SP.POP.TOTL,AFW,2023,508318102.0,496366058.0,0.024079092047828942
SP.POP.TOTL,ARE,2022,10074977.0,,
SP.POP.TOTL,ARE,2023,10483751.0,10074977.0,0.04057319436064221
SP.POP.TOTL,AUS,2022,26018721.0,,
SP.POP.TOTL,AUS,2023,26659922.0,26018721.0,0.02464383241589777
SP.POP.TOTL,BDI,2022,13321097.0,,
SP.POP.TOTL,BDI,2023,13689450.0,13321097.0,0.0276518517956892
SP.POP.TOTL,CUB,2022,11059820.0,,
SP.POP.TOTL,CUB,2023,11019931.0,11059820.0,-0.003606659059550698
SP.POP.TOTL,DNK,2022,5903037.0,,
SP.POP.TOTL,DNK,2023,5946952.0,5903037.0,0.007439390944017461
SP.POP.TOTL,GBR,2022,67636000.0,,
SP.POP.TOTL,GBR,2023,68526000.0,67636000.0,0.013158672896090838
SP.POP.TOTL,BTN,2022,780914.0,,
SP.POP.TOTL,BTN,2023,786385.0,780914.0,0.007005893094502083
SP.POP.TOTL,CSS,2022,4497310.0,,
SP.POP.TOTL,CSS,2023,4519904.0,4497310.0,0.0050238920599202635
SP.POP.TOTL,DEU,2022,83177813.0,,
SP.POP.TOTL,DEU,2023,83287273.0,83177813.0,0.0013159759321875895
SP.POP.TOTL,ERI,2022,3409447.0,,
SP.POP.TOTL,ERI,2023,3470390.0,3409447.0,0.017874746256504353
SP.POP.TOTL,FIN,2022,5556106.0,,
SP.POP.TOTL,FIN,2023,5583911.0,5556106.0,0.005004404163635467
SP.POP.TOTL,GNQ,2022,1803545.0,,
SP.POP.TOTL,GNQ,2023,1847549.0,1803545.0,0.024398614950001247
SP.POP.TOTL,IND,2022,1425423212.0,,
SP.POP.TOTL,IND,2023,1438069596.0,1425423212.0,0.00887202052943698
SP.POP.TOTL,LSO,2022,2286110.0,,
SP.POP.TOTL,LSO,2023,2311472.0,2286110.0,0.011093954359151573
SP.POP.TOTL,MCO,2022,38931.0,,
SP.POP.TOTL,MCO,2023,38956.0,38931.0,0.0006421617733939534
SP.POP.TOTL,MMR,2022,53756787.0,,
SP.POP.TOTL,BEN,2022,13759501.0,,
SP.POP.TOTL,BEN,2023,14111034.0,13759501.0,0.025548382895571577
SP.POP.TOTL,BGD,2022,169384897.0,,
SP.POP.TOTL,BGD,2023,171466990.0,169384897.0,0.012292081743273724
SP.POP.TOTL,BRB,2022,282318.0,,
SP.POP.TOTL,BRB,2023,282336.0,282318.0,6.375789003889231e-05
SP.POP.TOTL,ESP,2022,47786102.0,,
SP.POP.TOTL,ESP,2023,48352528.0,47786102.0,0.011853362720399333
SP.POP.TOTL,FSM,2022,112114.0,,
SP.POP.TOTL,FSM,2023,112630.0,112114.0,0.004602458212176892
SP.POP.TOTL,HUN,2022,9605074.0,,
SP.POP.TOTL,HUN,2023,9592186.0,9605074.0,-0.0013417908076502065
SP.POP.TOTL,IBT,2022,6793703268.0,,
SP.POP.TOTL,BLZ,2022,402733.0,,
SP.POP.TOTL,BLZ,2023,411106.0,402733.0,0.020790449255462057
SP.POP.TOTL,BMU,2022,64749.0,,
SP.POP.TOTL,BMU,2023,64698.0,64749.0,-0.0007876569522309224
SP.POP.TOTL,BRN,2022,455370.0,,
SP.POP.TOTL,BRN,2023,458949.0,455370.0,0.007859542789380065
SP.POP.TOTL,CHN,2022,1412175000.0,,
SP.POP.TOTL,CHN,2023,1410710000.0,1412175000.0,-0.0010374068369713386
SP.POP.TOTL,CZE,2022,10672118.0,,
SP.POP.TOTL,CZE,2023,10864042.0,10672118.0,0.017983684213386697
SP.POP.TOTL,DJI,2022,1137096.0,,
SP.POP.TOTL,DJI,2023,1152944.0,1137096.0,0.013937257716147098
SP.POP.TOTL,DZA,2022,45477389.0,,
SP.POP.TOTL,DZA,2023,46164219.0,45477389.0,0.01510267003235388
SP.POP.TOTL,EUU,2022,447203596.0,,
SP.POP.TOTL,EUU,2023,448897545.0,447203596.0,0.003787869809526308
SP.POP.TOTL,FRA,2022,68184457.0,,
SP.POP.TOTL,FRA,2023,68372286.0,68184457.0,0.0027547187183730158
SP.POP.TOTL,ISR,2022,9557500.0,,
SP.POP.TOTL,JAM,2023,2839786.0,2839144.0,0.00022612449386153009
SP.POP.TOTL,JPN,2022,125124989.0,,
SP.POP.TOTL,JPN,2023,124516650.0,125124989.0,-0.004861850577265585
SP.POP.TOTL,POL,2022,36821749.0,,
SP.POP.TOTL,POL,2023,36687353.0,36821749.0,-0.003649908101866644
SP.POP.TOTL,PYF,2022,280378.0,,
SP.POP.TOTL,PYF,2023,281118.0,280378.0,0.0026392940958277753
SP.POP.TOTL,TKM,2022,7230193.0,,
SP.POP.TOTL,TKM,2023,7364438.0,7230193.0,0.018567277526339892
SP.POP.TOTL,TSA,2022,1648009565.0,,
SP.POP.TOTL,TSA,2023,1662580579.0,1648009565.0,0.008841583392144936
SP.POP.TOTL,TSS,2022,1228187451.0,,
SP.POP.TOTL,TSS,2023,1258809472.0,1228187451.0,0.02493269327501051
SP.POP.TOTL,TUN,2022,12119334.0,,
SP.POP.TOTL,TUN,2023,12200431.0,12119334.0,0.0066915393205600245
SP.POP.TOTL,ZMB,2022,20152938.0,,
SP.POP.TOTL,ZMB,2023,20723965.0,20152938.0,0.028334677554210708
SP.POP.TOTL,MNG,2022,3433748.0,,
SP.POP.TOTL,MNG,2023,3481145.0,3433748.0,0.01380328434119219
SP.POP.TOTL,NLD,2022,17700982.0,,
SP.POP.TOTL,NLD,2023,17877117.0,17700982.0,0.009950577883193147
SP.POP.TOTL,PAN,2022,4400773.0,,
SP.POP.TOTL,PAN,2023,4458759.0,4400773.0,0.013176321523514164
SP.POP.TOTL,PHL,2022,113964338.0,,
SP.POP.TOTL,PHL,2023,114891199.0,113964338.0,0.008132903821193608
SP.POP.TOTL,SLV,2022,6280319.0,,
SP.POP.TOTL,SLV,2023,6309624.0,6280319.0,0.004666164250573896
SP.POP.TOTL,TLS,2022,1369295.0,,
SP.POP.TOTL,TLS,2023,1384286.0,1369295.0,0.010947969575584516
SP.POP.TOTL,TUV,2022,9992.0,,
SP.POP.TOTL,TUV,2023,9816.0,9992.0,-0.017614091273018415
SP.POP.TOTL,USA,2022,333996304.0,,
SP.POP.TOTL,USA,2023,336755052.0,333996304.0,0.00825981595293342
SP.POP.TOTL,WSM,2022,215261.0,,
SP.POP.TOTL,WSM,2023,216663.0,215261.0,0.0065130237246877045
SP.POP.TOTL,ISR,2023,9849000.0,9557500.0,0.030499607637980642
SP.POP.TOTL,KNA,2022,46709.0,,
SP.POP.TOTL,KNA,2023,46758.0,46709.0,0.0010490483632704618
SP.POP.TOTL,LAC,2022,613861839.0,,
SP.POP.TOTL,LAC,2023,618190397.0,613861839.0,0.007051355410936369
SP.POP.TOTL,LKA,2022,22181000.0,,
SP.POP.TOTL,LKA,2023,22037000.0,22181000.0,-0.006492042739281367
SP.POP.TOTL,MDV,2022,524106.0,,
SP.POP.TOTL,MDV,2023,525994.0,524106.0,0.003602324720571793
SP.POP.TOTL,MHL,2022,40077.0,,
SP.POP.TOTL,MHL,2023,38827.0,40077.0,-0.031189959328293035
SP.POP.TOTL,MLI,2022,23072640.0,,
SP.POP.TOTL,MLI,2023,23769127.0,23072640.0,0.03018670598596433
SP.POP.TOTL,MYS,2022,34695493.0,,
SP.POP.TOTL,MYS,2023,35126298.0,34695493.0,0.012416742428188007
SP.POP.TOTL,QAT,2022,2657333.0,,
SP.POP.TOTL,QAT,2023,2656032.0,2657333.0,-0.0004895886213733845
SP.POP.TOTL,SWE,2022,10486941.0,,
SP.POP.TOTL,SWE,2023,10536632.0,10486941.0,0.00473836936815035
SP.POP.TOTL,BRA,2022,210306415.0,,
SP.POP.TOTL,BRA,2023,211140729.0,210306415.0,0.0039671352868622676
SP.POP.TOTL,CIV,2022,30395002.0,,
SP.POP.TOTL,CIV,2023,31165654.0,30395002.0,0.025354563227204262
SP.POP.TOTL,EAS,2022,2379617118.0,,
SP.POP.TOTL,EAS,2023,2384441485.0,2379617118.0,0.0020273711108847385
SP.POP.TOTL,FJI,2022,919422.0,,
SP.POP.TOTL,FJI,2023,924145.0,919422.0,0.005136922979872137
SP.POP.TOTL,GHA,2022,33149152.0,,
SP.POP.TOTL,GHA,2023,33787914.0,33149152.0,0.019269331535238066
SP.POP.TOTL,GIN,2022,14055137.0,,
SP.POP.TOTL,GIN,2023,14405468.0,14055137.0,0.024925477425086644
SP.POP.TOTL,IRN,2022,89524246.0,,
SP.POP.TOTL,IRN,2023,90608707.0,89524246.0,0.012113601046134475
SP.POP.TOTL,KAZ,2022,20034609.0,,
SP.POP.TOTL,KAZ,2023,20330104.0,20034609.0,0.01474922719979212
SP.POP.TOTL,LBR,2022,5373294.0,,
SP.POP.TOTL,LBR,2023,5493031.0,5373294.0,0.022283723913115495
SP.POP.TOTL,LBY,2022,7223805.0,,
SP.POP.TOTL,GRC,2022,10437805.0,,
SP.POP.TOTL,GRC,2023,10407351.0,10437805.0,-0.002917663244331543
SP.POP.TOTL,HPC,2022,892885172.0,,
SP.POP.TOTL,HPC,2023,916223767.0,892885172.0,0.02613840584643509
SP.POP.TOTL,ISL,2022,382003.0,,
SP.POP.TOTL,ISL,2023,385663.0,382003.0,0.009581076588403755
SP.POP.TOTL,MNA,2022,716508657.0,,
SP.POP.TOTL,MNA,2023,729077445.0,716508657.0,0.017541711292959297
SP.POP.TOTL,NAC,2022,373011185.0,,
SP.POP.TOTL,NAC,2023,376868838.0,373011185.0,0.010341923124905759
SP.POP.TOTL,SLB,2022,781066.0,,
SP.POP.TOTL,SLB,2023,800005.0,781066.0,0.024247630802006488
SP.POP.TOTL,THA,2022,71735329.0,,
SP.POP.TOTL,THA,2023,71702435.0,71735329.0,-0.00045854672249429567
SP.POP.TOTL,TTO,2022,1365805.0,,
SP.POP.TOTL,TTO,2023,1367510.0,1365805.0,0.0012483480438276327
SP.POP.TOTL,ALB,2022,2451636.0,,
SP.POP.TOTL,ALB,2023,2411658.0,2451636.0,-0.016306662163551196
SP.POP.TOTL,AND,2022,79705.0,,
SP.POP.TOTL,AND,2023,80856.0,79705.0,0.014440750266608118
SP.POP.TOTL,AZE,2022,10141756.0,,
SP.POP.TOTL,AZE,2023,10153958.0,10141756.0,0.0012031447019628554
SP.POP.TOTL,BWA,2022,2439892.0,,
SP.POP.TOTL,BWA,2023,2480244.0,2439892.0,0.016538436947209138
SP.POP.TOTL,CMR,2022,27632771.0,,
SP.POP.TOTL,CMR,2023,28372687.0,27632771.0,0.026776757206144836
SP.POP.TOTL,CPV,2022,519741.0,,
SP.POP.TOTL,CPV,2023,522331.0,519741.0,0.0049832512732303205
SP.POP.TOTL,DOM,2022,11230734.0,,
SP.POP.TOTL,DOM,2023,11331265.0,11230734.0,0.008951418491436089
SP.POP.TOTL,EMU,2022,354666175.0,,
SP.POP.TOTL,EMU,2023,356209318.0,354666175.0,0.004350973136922347
SP.POP.TOTL,GUY,2022,821637.0,,
SP.POP.TOTL,GUY,2023,826353.0,821637.0,0.0057397609893420085
SP.POP.TOTL,JOR,2022,11256263.0,,
SP.POP.TOTL,JOR,2023,11439213.0,11256263.0,0.016253173899721425
SP.POP.TOTL,KEN,2022,54252461.0,,
SP.POP.TOTL,,2022,3050300704.0,,
SP.POP.TOTL,,2023,3057927413.0,3050300704.0,0.0025003138182405245
SP.POP.TOTL,BFA,2022,22509038.0,,
SP.POP.TOTL,BFA,2023,23025776.0,22509038.0,0.0229569117969413
SP.POP.TOTL,BHR,2022,1524693.0,,
SP.POP.TOTL,BHR,2023,1577059.0,1524693.0,0.034345274753671724
SP.POP.TOTL,DMA,2022,66826.0,,
SP.POP.TOTL,DMA,2023,66510.0,66826.0,-0.004728698410798192
SP.POP.TOTL,HND,2022,10463872.0,,
SP.POP.TOTL,HND,2023,10644851.0,10463872.0,0.017295605297924132
SP.POP.TOTL,HTI,2022,11503606.0,,
SP.POP.TOTL,HTI,2023,11637398.0,11503606.0,0.011630440055057518
SP.POP.TOTL,KWT,2022,4589643.0,,
SP.POP.TOTL,KWT,2023,4853420.0,4589643.0,0.05747222605331177
SP.POP.TOTL,LIE,2022,39493.0,,
SP.POP.TOTL,LUX,2023,666430.0,653103.0,0.020405663425217768
SP.POP.TOTL,MWI,2022,20568728.0,,
SP.POP.TOTL,MWI,2023,21104482.0,20568728.0,0.0260470166166814
SP.POP.TOTL,NRU,2022,11801.0,,
SP.POP.TOTL,NRU,2023,11875.0,11801.0,0.006270655029234811
SP.POP.TOTL,ROU,2022,19048502.0,,
SP.POP.TOTL,ROU,2023,19061062.0,19048502.0,0.0006593694349298438
SP.POP.TOTL,SEN,2022,17651103.0,,
SP.POP.TOTL,SEN,2023,18077573.0,17651103.0,0.024161096334886268
SP.POP.TOTL,SXM,2022,42139.0,,
SP.POP.TOTL,SXM,2023,42749.0,42139.0,0.014475901184176179
SP.POP.TOTL,TMN,2022,711465045.0,,
SP.POP.TOTL,TMN,2023,723911670.0,711465045.0,0.017494359122028263
SP.POP.TOTL,UZB,2022,34938955.0,,
SP.POP.TOTL,UZB,2023,35652307.0,34938955.0,0.02041709604651885
