symbol,ts,price,volume,exchange
AAPL,1700000000000,110.0,4606,NYSE
MSFT,1700000000328,394.59,9035,NYSE
TSLA,1700000001032,112.71,1635,NYSE
SPY,1700000001370,340.81,9295,NYSE
SPY,1700000002203,267.81,7459,NASDAQ
AAPL,1700000003131,403.52,2715,NASDAQ
GOOG,1700000003579,162.19,5614,NYSE
TSLA,1700000003773,138.69,5735,NASDAQ
AAPL,1700000004699,391.89,8885,NYSE
AAPL,1700000005186,320.82,6025,NYSE
AAPL,1700000006007,118.33,3833,NASDAQ
MSFT,1700000006188,446.59,6327,NASDAQ
GOOG,1700000006752,165.06,5920,NYSE
GOOG,1700000007538,380.73,1269,NYSE
MSFT,1700000008184,165.36,6316,NASDAQ
SPY,1700000008939,187.85,5413,NYSE
AAPL,1700000009273,422.02,6672,NASDAQ
MSFT,1700000009440,465.25,9392,NASDAQ
TSLA,1700000009757,258.25,7617,NYSE
MSFT,1700000010128,198.65,9297,NASDAQ
SPY,1700000010992,271.37,9660,NASDAQ
MSFT,1700000011462,498.93,2366,NASDAQ
AAPL,1700000011655,444.44,2604,NYSE
TSLA,1700000012566,338.56,6404,NASDAQ
TSLA,1700000013276,311.65,9164,NYSE
AAPL,1700000014072,372.68,8897,NASDAQ
GOOG,1700000014959,144.62,7223,NYSE
AAPL,1700000015523,481.53,4415,NYSE
AAPL,1700000016142,448.21,4989,NYSE
GOOG,1700000016398,405.0,8937,NYSE
GOOG,1700000017111,295.44,1932,NASDAQ
GOOG,1700000018110,195.78,4046,NYSE
TSLA,1700000018297,426.41,8827,NYSE
TSLA,1700000018528,478.74,2805,NASDAQ
SPY,1700000019168,269.26,3570,NYSE
GOOG,1700000019998,259.6,6218,NASDAQ
TSLA,1700000020627,148.4,3781,NYSE
AAPL,1700000021073,335.32,3870,NYSE
AAPL,1700000021180,383.14,1064,NYSE
AAPL,1700000021349,443.85,1260,NYSE
TSLA,1700000021734,185.69,2267,NASDAQ
TSLA,1700000022082,423.0,3219,NYSE
TSLA,1700000022281,241.72,6835,NASDAQ
AAPL,1700000023265,369.35,1712,NYSE
GOOG,1700000023777,420.24,1890,NYSE
MSFT,1700000024073,314.51,2396,NASDAQ
GOOG,1700000024360,285.05,1335,NASDAQ
SPY,1700000025287,139.16,8956,NYSE
MSFT,1700000025482,166.52,8056,NASDAQ
TSLA,1700000025800,460.98,2797,NASDAQ
TSLA,1700000025902,206.08,7554,NASDAQ
SPY,1700000026435,364.75,8073,NYSE
GOOG,1700000026729,187.08,1058,NYSE
GOOG,1700000027594,122.87,9671,NASDAQ
SPY,1700000028208,162.97,8420,NYSE
MSFT,1700000029179,127.41,1213,NYSE
AAPL,1700000029692,476.64,9433,NYSE
SPY,1700000030384,115.9,1443,NASDAQ
SPY,1700000031157,326.09,5283,NASDAQ
GOOG,1700000031466,195.47,6584,NYSE
GOOG,1700000032253,282.89,1288,NYSE
SPY,1700000032822,499.38,1738,NYSE
MSFT,1700000033472,302.35,2270,NASDAQ
MSFT,1700000033642,247.81,2684,NASDAQ
SPY,1700000034595,381.42,8766,NYSE
SPY,1700000035378,219.75,1797,NYSE
AAPL,1700000035748,455.89,9164,NYSE
GOOG,1700000036126,341.93,5717,NYSE
GOOG,1700000036929,302.16,4214,NYSE
TSLA,1700000037123,431.74,822,NYSE
MSFT,1700000037564,354.85,4391,NYSE
TSLA,1700000038423,320.67,7107,NYSE
AAPL,1700000038637,478.02,2542,NYSE
GOOG,1700000039591,333.0,2526,NASDAQ
AAPL,1700000039821,223.3,753,NASDAQ
MSFT,1700000040136,366.77,5894,NASDAQ
MSFT,1700000040871,470.31,3978,NYSE
MSFT,1700000041790,452.57,506,NYSE
GOOG,1700000042644,412.95,6845,NYSE
MSFT,1700000043017,414.95,1871,NASDAQ
AAPL,1700000044010,443.44,3744,NYSE
TSLA,1700000044946,239.86,3828,NYSE
MSFT,1700000045070,259.39,4664,NYSE
GOOG,1700000045961,240.46,8446,NASDAQ
SPY,1700000046756,232.46,552,NYSE
GOOG,1700000047754,171.43,4449,NYSE
SPY,1700000047965,273.83,5239,NASDAQ
SPY,1700000048685,146.26,9546,NYSE
AAPL,1700000049045,383.51,127,NYSE
TSLA,1700000049517,127.99,5509,NASDAQ
AAPL,1700000050296,387.9,5020,NASDAQ
TSLA,1700000051078,230.47,4944,NYSE
TSLA,1700000051374,365.97,6311,NYSE
SPY,1700000052104,220.38,9077,NYSE
GOOG,1700000052515,184.07,9602,NASDAQ
TSLA,1700000053091,276.86,3601,NASDAQ
MSFT,1700000054003,363.54,4749,NASDAQ
MSFT,1700000054198,369.12,3780,NYSE
AAPL,1700000054448,118.49,7884,NYSE
TSLA,1700000055014,454.45,9531,NYSE
TSLA,1700000055849,297.75,4097,NYSE
AAPL,1700000056620,457.06,1846,NASDAQ
MSFT,1700000056944,421.64,8586,NASDAQ
SPY,1700000057095,199.68,2088,NASDAQ
TSLA,1700000057331,367.03,9257,NASDAQ
TSLA,1700000058204,345.06,8370,NASDAQ
SPY,1700000059154,278.37,2707,NASDAQ
GOOG,1700000059714,400.71,4643,NASDAQ
MSFT,1700000060455,209.84,1369,NASDAQ
GOOG,1700000060795,234.34,8949,NYSE
MSFT,1700000061036,192.5,2603,NYSE
TSLA,1700000061201,263.04,8990,NASDAQ
AAPL,1700000061726,182.73,6983,NASDAQ
SPY,1700000062614,478.42,420,NASDAQ
AAPL,1700000063202,477.1,4992,NASDAQ
TSLA,1700000064175,315.29,9047,NYSE
MSFT,1700000064774,209.17,8056,NYSE
GOOG,1700000065272,367.55,6724,NYSE
TSLA,1700000066232,467.82,8851,NYSE
SPY,1700000066735,325.76,544,NYSE
TSLA,1700000067493,154.28,7664,NYSE
GOOG,1700000067644,251.64,3567,NASDAQ
GOOG,1700000068078,404.49,6311,NASDAQ
TSLA,1700000068948,200.91,1441,NASDAQ
SPY,1700000069067,120.83,5833,NYSE
AAPL,1700000069832,412.49,759,NYSE
MSFT,1700000070185,435.69,2596,NYSE
TSLA,1700000070414,367.78,9340,NYSE
GOOG,1700000070990,406.76,2849,NYSE
MSFT,1700000071886,485.89,1871,NYSE
SPY,1700000072305,370.94,6249,NASDAQ
MSFT,1700000073137,130.4,4078,NYSE
GOOG,1700000073950,440.12,9937,NYSE
SPY,1700000074865,413.05,5788,NASDAQ
GOOG,1700000075642,127.58,5690,NYSE
TSLA,1700000076611,428.93,1829,NASDAQ
TSLA,1700000077081,382.92,7235,NYSE
SPY,1700000077932,486.19,4525,NASDAQ
TSLA,1700000078508,430.29,9807,NASDAQ
MSFT,1700000078938,432.29,1519,NASDAQ
MSFT,1700000079499,400.19,9436,NASDAQ
AAPL,1700000079943,297.72,5425,NYSE
MSFT,1700000080542,241.93,4332,NASDAQ
SPY,1700000080928,380.47,4626,NYSE
MSFT,1700000081557,134.25,6758,NASDAQ
MSFT,1700000082225,376.24,8141,NASDAQ
AAPL,1700000083136,137.22,3730,NASDAQ
MSFT,1700000083944,222.48,9628,NASDAQ
SPY,1700000084528,312.37,7071,NASDAQ
TSLA,1700000084988,208.37,4218,NYSE
MSFT,1700000085211,226.22,8879,NYSE
MSFT,1700000085507,395.44,4630,NASDAQ
MSFT,1700000085709,218.5,6012,NYSE
AAPL,1700000086118,383.21,2173,NASDAQ
AAPL,1700000086264,321.34,2168,NASDAQ
AAPL,1700000086469,329.63,7790,NASDAQ
GOOG,1700000087020,173.75,941,NASDAQ
TSLA,1700000088002,145.63,1170,NASDAQ
AAPL,1700000088605,330.81,978,NYSE
SPY,1700000088857,479.65,1495,NYSE
SPY,1700000089078,405.78,9866,NYSE
SPY,1700000089972,252.15,7353,NASDAQ
SPY,1700000090952,496.01,5103,NYSE
AAPL,1700000091676,479.04,3504,NYSE
AAPL,1700000092046,162.82,2947,NYSE
AAPL,1700000092306,263.41,9829,NASDAQ
AAPL,1700000092704,192.59,4732,NASDAQ
MSFT,1700000092876,469.56,9763,NYSE
AAPL,1700000093411,317.82,2541,NASDAQ
MSFT,1700000094357,128.56,2818,NASDAQ
SPY,1700000095066,468.48,7295,NYSE
GOOG,1700000095645,379.89,4560,NASDAQ
AAPL,1700000096193,339.21,7178,NASDAQ
GOOG,1700000096911,110.35,3850,NYSE
GOOG,1700000097794,330.5,2970,NASDAQ
TSLA,1700000098425,466.43,3073,NASDAQ
TSLA,1700000099175,487.62,7800,NASDAQ
GOOG,1700000099693,228.42,1813,NYSE
TSLA,1700000100130,377.47,4822,NASDAQ
SPY,1700000101063,114.68,1542,NASDAQ
GOOG,1700000101421,146.37,6722,NYSE
SPY,1700000102194,284.79,988,NYSE
GOOG,1700000102824,349.05,8267,NASDAQ
AAPL,1700000103702,181.42,9098,NYSE
TSLA,1700000104096,452.34,8041,NYSE
SPY,1700000104225,419.73,2694,NASDAQ
AAPL,1700000104889,320.9,1627,NYSE
AAPL,1700000105850,284.58,2024,NYSE
GOOG,1700000106460,303.55,4579,NASDAQ
TSLA,1700000107414,492.1,4093,NASDAQ
MSFT,1700000108078,253.43,9920,NYSE
AAPL,1700000109062,210.5,6898,NASDAQ
SPY,1700000109968,206.87,142,NASDAQ
GOOG,1700000110811,434.99,9601,NASDAQ
MSFT,1700000111797,278.62,8035,NASDAQ
SPY,1700000112237,405.15,6280,NASDAQ
MSFT,1700000112666,492.31,4012,NASDAQ
TSLA,1700000113005,117.46,7849,NASDAQ
MSFT,1700000113500,298.13,706,NYSE
SPY,1700000114114,232.8,1744,NASDAQ
